{"cameraMode":{"drawMode":0,"name":"Shaded","section":"Shading Mode"},"sceneLighting":false,"audioPlay":false,"sceneViewState":{"m_AlwaysRefresh":false,"showFog":true,"showSkybox":true,"showFlares":true,"showImageEffects":true,"showParticleSystems":true,"showVisualEffectGraphs":true,"m_FxEnabled":true},"in2DMode":false,"pivot":{"x":2.4502177238464357,"y":2.762582302093506,"z":-4.485698699951172},"rotation":{"x":0.0033875913359224798,"y":-0.9693785309791565,"z":0.24526377022266389,"w":0.013369501568377018},"size":8.442123413085938,"orthographic":false}