{"cameraMode":{"drawMode":0,"name":"Shaded","section":"Shading Mode"},"sceneLighting":false,"audioPlay":false,"sceneViewState":{"m_AlwaysRefresh":false,"showFog":true,"showSkybox":true,"showFlares":true,"showImageEffects":true,"showParticleSystems":true,"showVisualEffectGraphs":true,"m_FxEnabled":true},"in2DMode":false,"pivot":{"x":0.06650722026824951,"y":5.472282409667969,"z":1.2499079704284669},"rotation":{"x":-0.0001753676333464682,"y":-0.9845638275146484,"z":0.17519916594028474,"w":-0.001192272873595357},"size":6.224411487579346,"orthographic":false}