{"cameraMode":{"drawMode":0,"name":"Shaded","section":"Shading Mode"},"sceneLighting":false,"audioPlay":false,"sceneViewState":{"m_AlwaysRefresh":false,"showFog":true,"showSkybox":true,"showFlares":true,"showImageEffects":true,"showParticleSystems":true,"showVisualEffectGraphs":true,"m_FxEnabled":true},"in2DMode":false,"pivot":{"x":0.2401326596736908,"y":9.431982040405274,"z":-0.2050647735595703},"rotation":{"x":-0.0001753676333464682,"y":-0.9845638275146484,"z":0.17519916594028474,"w":-0.001192272873595357},"size":7.306998252868652,"orthographic":false}