{"cameraMode":{"drawMode":0,"name":"Shaded","section":"Shading Mode"},"sceneLighting":false,"audioPlay":false,"sceneViewState":{"m_AlwaysRefresh":false,"showFog":true,"showSkybox":true,"showFlares":true,"showImageEffects":true,"showParticleSystems":true,"showVisualEffectGraphs":true,"m_FxEnabled":true},"in2DMode":false,"pivot":{"x":-0.9012688994407654,"y":12.740297317504883,"z":-2.8693161010742189},"rotation":{"x":0.0016118152998387814,"y":-0.9917631149291992,"z":0.12774668633937837,"w":0.012189788743853569},"size":7.2655181884765629,"orthographic":false}