{"cameraMode":{"drawMode":0,"name":"Shaded","section":"Shading Mode"},"sceneLighting":true,"audioPlay":false,"sceneViewState":{"m_AlwaysRefresh":false,"showFog":true,"showSkybox":true,"showFlares":true,"showImageEffects":true,"showParticleSystems":true,"showVisualEffectGraphs":true,"m_FxEnabled":true},"in2DMode":false,"pivot":{"x":1.3245943784713746,"y":8.717215538024903,"z":-4.9960432052612309},"rotation":{"x":0.006726396735757589,"y":0.980580747127533,"z":-0.19306030869483949,"w":0.034133512526750568},"size":7.294816970825195,"orthographic":false}