{"cameraMode":{"drawMode":0,"name":"Shaded","section":"Shading Mode"},"sceneLighting":false,"audioPlay":false,"sceneViewState":{"m_AlwaysRefresh":false,"showFog":true,"showSkybox":false,"showFlares":true,"showImageEffects":true,"showParticleSystems":true,"showVisualEffectGraphs":true,"m_FxEnabled":true},"in2DMode":false,"pivot":{"x":5.938609600067139,"y":8.343873023986817,"z":1.9352391958236695},"rotation":{"x":0.00029856202309019864,"y":0.9996894001960754,"z":-0.0186000969260931,"w":0.018608104437589647},"size":0.21656161546707154,"orthographic":false}