{"cameraMode":{"drawMode":0,"name":"Shaded","section":"Shading Mode"},"sceneLighting":false,"audioPlay":false,"sceneViewState":{"m_AlwaysRefresh":false,"showFog":true,"showSkybox":false,"showFlares":true,"showImageEffects":true,"showParticleSystems":true,"showVisualEffectGraphs":true,"m_FxEnabled":true},"in2DMode":false,"pivot":{"x":5.812548637390137,"y":8.38645076751709,"z":1.9188188314437867},"rotation":{"x":-0.0028563058003783228,"y":-0.9937825202941895,"z":0.10835465043783188,"w":-0.02654881216585636},"size":0.4347565770149231,"orthographic":false}